Title,URL
Menuisier agenceur  H/F,https://www.lejobadequat.com/emplois/261301-menuisier-agenceur-h-f-fr
Conducteur de ligne  H/F,https://www.lejobadequat.com/emplois/261298-conducteur-de-ligne-h-f-fr
Conducteur d&#8217;engins  H/F,https://www.lejobadequat.com/emplois/261297-conducteur-dengins-h-f-fr
Technien(ne) en r&amp;d,https://www.lejobadequat.com/emplois/261295-technienne-en-rd-fr
Cariste industriel  H/F,https://www.lejobadequat.com/emplois/261294-cariste-industriel-f-h-fr
Ma√ßon vrd  H/F,https://www.lejobadequat.com/emplois/261293-macon-vrd-h-f-fr
Poissonier  H/F,https://www.lejobadequat.com/emplois/261292-poissonier-f-h-fr
Inventoriste  H/F,https://www.lejobadequat.com/emplois/261291-inventoriste-h-f-fr
Assistant d&#8217;exploitation &#8211; relation client  H/F,https://www.lejobadequat.com/emplois/261290-assistant-dexploitation-relation-client-f-h-fr
Agent de quai temps partiel matin  H/F,https://www.lejobadequat.com/emplois/261289-agent-de-quai-temps-partiel-matin-f-h-fr
Agent de maintenance des batiments  H/F,https://www.lejobadequat.com/emplois/261288-agent-de-maintenance-des-batiments-h-f-fr
Coffreur/bancheur  H/F,https://www.lejobadequat.com/emplois/261287-coffreur-bancheur-f-h-fr
